OS CANCELADA,DESCRIPCIÓN,ID,TAREA ASIGNADA,UNIDAD,CANTIDAD SOLICITADA,CANTIDAD CONSUMIDA,RESTANTE,,,,
, GRAPA P/FLEJE 3/4 IN T RPR AC INOX,M28GRA-001,A-600-EA106_A-CONS.1,UN ,300,100,200,,,,
, TUERCA HEX 5/8IN INOX 304,M16TUE-080,A-598-TORRE103D_CON.4,UN,320,20,300,,,,
,ABRAZADERA SIN FIN 1/4IN,M04ABR-008,A-598-TORRE103C_IND.3,,4,2,2,,,,
,ADELGAZADOR PARA EPOXICO 4020,M13ADE-001,A-598-TORRE103C_MAT.3,L,80,12.4,67.6,,,,
,ADELGAZADOR PARA EPOXICO 4020,M13ADE-001,A-600-EA106_A-CONS.1,L,12,0,12,,,,
,ADELGAZADOR PARA POLIURETANO DQM 4025,M13ADE-002,A-600-EA106_A-CONS.1,L,25,19,6,,,,
,AEROSOL ESMALTE ACRILICO AMARILLO,M13ESM-008,A-598-TORRE103C_CON.2,,60,16,44,,,,
,AEROSOL ESMALTE ACRILICO ROJO,M13ESM-005,A-598-TORRE103C_CON.2,,6,2,4,7PZ X KG,https://articulo.mercadolibre.com.mx/MLM-959114141-kg-bolsa-90x120cm-plastico-natural-baja-biodegradable-7pz-_JM#position=5&search_layout=stack&type=item&tracking_id=b19fb02f-1775-4cfb-94b7-72175b623332,,
,AEROSOL ESMALTE NARANJA,,A-598-TORRE103C_CON.2,,8,2,6,,,,
P,AFLOJATODO 400 ML CLAVE WT-400,C00AFL-001,A-598-TORRE103C_CON.2,,30,30,0,,,,
P,AFLOJATODO 400 ML CLAVE WT-400,C00AFL-001,A-598-TORRE103D_MAT.2,,50,50,0,,,,
P,AFLOJATODO 400 ML CLAVE WT-400,C00AFL-001,A-600-EA106_A-GRAL.3,,40,40,0,,,,
,AFLOJATODO 400 ML CLAVE WT-400,C00AFL-001,A-600-EA106_A-GRAL.3,,40,29,11,,,,
P,AFLOJATODO 400 ML CLAVE WT-400,C00AFL-001,A-600-EA111_D-GRL.4,,60,60,0,,,,
,ALAMBRE GALVANIZADO C 16,M00ALG-001,A-598-TORRE103B_CON,,15,13,2,,,,
P,ALAMBRE GALVANIZADO C 16,M00ALG-001,A-600-EA106_A-CONS.1,,20,20,0,,,,
,ALAMBRE RECOCIDO,M00ALR-001,A-598-FA_101_MAT.1,,20,13,7,,,,
P,ALAMBRE RECOCIDO,M00ALR-001,A-598-TORRE103C_CON.2,,20,20,0,,,,
,ALAMBRE RECOCIDO,M00ALR-001,A-600-EA108ABCD,,30,20,10,,,,
,ANTISALPICADURA,C00ANT-001,A-598-TORRE101_CON.1,UN,60,1,59,,,,
,APORTE 309 3/32 IN SFA 5.9,C00APO-003,A-598-FA_101_CON.1,KG,40,11,29,,,,
P,APORTE ERNICU-7 3/32 IN SFA 5.14,M00APO-018,A-598-TORRE103B_MAT.4,KG,25,25,0,,,,
,APORTE ERNICU-7 3/32 IN SFA 5.14,M00APO-018,A-598-TORRE103C_GEN.3,KG,2.74,0,2.74,,,,
,ARANDELA 3/8INX1 1/4IN 3.4MM ESP 410S,M16RON-017,A-598-TORRE103B_CON.1,UN,2041,610,1431,,,,
,ARANDELA 3/8INX1 1/4IN 3.4MM ESP 410S,M16RON-017,A-598-TORRE103B_CON.1,UN,2041,300,1741,,,,
,ARENA SILICA 20-30,M13ARE-001,A-600-EA111_D-GRL.4,KG,10000,800,9200,,,,
,ARENA SILICA 20-30,M13ARE-001,A-600-EA111_D-GRL.4,KG,10000,800,9200,,,,
P,AROMATIZANTE-AEROSOL,M09ARO-003,A-598-TORRE101_CON,,5,5,0,,,,
,AROMATIZANTE-AEROSOL,M09ARO-003,A-600-EA106_A-MAT.3,,5,2,3,,,,
,ASERRIN,M00ASE-001,A-598-TORRE103C_MAT,,40,10,30,,,,
,ASERRIN,,A-600-EA106_A-GRAL,,80,,80,,,,
P,ASERRIN,,A-600-EA106_A-GRAL,,80,80,0,,,,
,ASPIRINA,,A-598-TORRE101_CON,,10,7,3,,,,
P,ASPIRINA,,A-600-EA106_A-MAT.3,,10,10,0,,,,
,BARBIQUEJO SIN BARBILLA,C00BAR-001,A-598-TORRE103B_CON.1,UN,125,17,108,,,,
,BARRA ROSCADA 1 1/2IN SA-193-B7,M17BRO-014,A-598-TORRE103B_CON.1,M,1.35,,1.35,,,,
,BARRA ROSCADA 1 1/2IN SA-193-B7,M17BRO-014,A-600-EA106_A-CONS.1,M,68,52.61,15.39,,,,
,BARRA ROSCADA 1 1/2IN SA-193-B7,M17BRO-014,A-600-EA106_A-CONS.1,M,68,24,44,,,,
,BARRA ROSCADA 1 1/2IN SA-193-B7,M17BRO-014,A-600-EA108_D-MAT.1,M,36,13.97,22.03,,,,
,BARRA ROSCADA 1 1/4IN SA-193-B7,M17BRO-013,A-600-EA106_A-CONS.1,M,220,101.82,118.18,200 PZA X CAJA ,"https://www.officedepot.com.mx/officedepot/en/Categor%C3%ADa/Todas/Oficina/Registradores-y-Carpetas/Protectores-de-Hojas/PROTECTORES-DE-HOJAS-OFFICE-DEPOT-(CARTA,-200-P)/p/36110?gclid=EAIaIQobChMIxNmhz8iQ9AIVVGpvBB1wmQlXEAQYASABEgJYJvD_BwE",,
,BARRA ROSCADA 1 1/8IN SA-193-B7,M17BRO-012,A-600-EA106_A-CONS.1,M,265,,265,,,,
,BARRA ROSCADA 1 1/8IN SA-193-B7,M17BRO-012,A-600-EA106_A-CONS.3,M,114,49.6,64.4,,,,
,BARRA ROSCADA 1IN SA-193-B7,M17BRO-011,A-600-EA106_A-CONS.1,M,145,67,78,UNIDAD KG,7 UNIDADES X KG,,http://www.dimerc.pe/files/pdf/PR05293.pdf
,BARRA ROSCADA 1IN SA-193-B7,M17BRO-011,A-600-EA106_A-CONS.3,M,44.7,23.9,20.8,UNIDAD KG,,,
,BARRA ROSCADA 3/4IN SA-193-B7,M17BRO-009,A-600-EA106_A-CONS.1,M,51.2,1,50.2,13 BOLSAS X KG,https://rutren.com/producto/bolsa-negra-pbasura-60x90-kg/,,
,BARRA ROSCADA 5/8 IN SA-193-B7,M17BRO-016,A-598-TORRE103B_CON.1,M,1.1,0.76,0.34,,,,
,BARRA ROSCADA 5/8 IN SA-193-B7,M17BRO-016,A-598-TORRE103C_CON,M,23.5,,23.5,,,,
,BARRA ROSCADA 5/8 IN SA-193-B7,M17BRO-016,A-598-TORRE103C_CON.2,M,18.7,,18.7,,,,
,BARRA ROSCADA 5/8 IN SA-193-B7,M17BRO-016,A-598-TORRE103C_MAT.4 ,M,10,4.57,5.43,,,,
P,BARRA ROSCADA 5/8IN-11 UNC 316,M17BRO-018,A-598-TORRE103C_CON.3,M,20.8,20.8,0,,,,
,BARRA ROSCADA 7/8IN SA-193-B7,M17BRO-010,A-600-EA106_A-CONS.1,M,39.4,11.9,27.5,,,,
,BOLSA 60 X 90 CM NEGRA,M09BOL-001,A-598-TORRE101_CON,PZAS,650,122,528,,,,
,BOLSA 90 X 120 CM TRANSPARENTE,M09BOL-002,A-598-TORRE101_CON.1,PZA,350,21,329,,,,
,BOLSA 90 X 120 CM TRANSPARENTE,M09BOL-002,A-598-TORRE103B_MAT.4,PZAS,495,487,8,,,,
,BOQUILLA CERAMICA GAS LENS # 8,M00BOA-019,A-598-FA_101_CON.1,UN,20,5,15,,,,
,BOQUILLA TOBERA ROSC 1/2 IN MOD 23-50,C00BOQ-002,A-600-EA106_B-CONS.2,UN ,30,2,28,,,,
,BORRADOR DE GOMA,C00-BOR-002,A-598-TORRE103B_MAT.3,UN,4,,4,,,,
,BORRADOR DE GOMA,C00-BOR-002,A-598-TORRE103C_CON,UN,2,1,1,,,,
,BROCHA 2 IN MANGO PLASTICO CERDA NATURAL,C00BRO-002,A-600-EA106_B-CONS.2,UN,5,3,2,,,,
,BROCHA 3 IN MANGO PLASTICO CERDA NATURA,C00BRO-004,A-600-EA111_D-GRL.4,UN ,20,17,3,,,,
,BROCHA 4 IN MANGO PLASTICO CERDA NATURAL,C00BRO-003,A-600-EA111_D-GRL.4,,30,11,19,,,,
P,BUTILHIOSCINA 10 MG,,A-598-TORRE101_CON,,10,10,0,,,,
P,BUTILHIOSCINA 10 MG,,A-600-EA106_A-MAT.3,,10,10,0,,,,
P,CAPSULA CARBON ACTIVADO,,A-598-TORRE101_CON,,3,3,0,,,,
P,CAPSULA CARBON ACTIVADO,,A-600-EA106_A-MAT.3,,3,3,0,,,,
,CARBON P/ARCAIR 1/4IN,M00CAA-001,,,,,,,,,
,CARBON P/ARCAIR 3/8IN,M00ELC-001,,,,,,,,,
,CARPETA PANORAMICA 1 IN,M03CAR-001,A-598-TORRE103B_GEN.2,,5,1,4,,,,
,CARPETA PANORAMICA 2 IN ,C00CAR-002,A-598-TORRE103B_GEN.1,,5,2,3,,,,
,CARPETA PANORAMICA 4IN,C00CAR-004,A-598-GENERALES,UN,6,,6,,,,
,CARPETA PANORAMICA 4IN,C00CAR-004,A-598-TORRE103B_GEN.1,UN,15,3,12,,,,
,CARPETA PANORAMICA 5IN,C00CAR-005,A-598-TORRE103B_GEN.1,UN,20,17,3,,,,
,CARTUCHO 3M 6006 P/VAPORES-PAR,C00CAR-001,A-598-TORRE101_CON.1,PAR,30,30,0,,,,
,CARTUCHO 3M 6006 P/VAPORES-PAR,C00CAR-001,A-598-TORRE103B_CON,PAR,120,31,89,,,,
,CARTUCHO 3M 6006 P/VAPORES-PAR,C00CAR-001,A-598-TORRE103C_GEN.2,PAR,50,,50,,,,
P,CARTUCHO 3M 6006 P/VAPORES-PAR,C00CAR-001,A-598-TORRE103C_MAT,PAR,100,100,0,,,,
,CEMENTO MONOLITICO,M10CEM-002,A-598-TORRE103B_CON,UN,200,25,175,,,,
,CEPILLO CIRC TRENZ 4 IN R-5/8 IN 1575,C00CEP-001,A-598-FA_101_CON.1,,50,9,41,,,,
P,CEPILLO CIRC TRENZ 4 IN R-5/8 IN 1575,C00CEP-001,A-598-TORRE103C_GEN.2,,10,10,0,,,,
P,CEPILLO CIRC TRENZ 4 IN R-5/8 IN 1575,C00CEP-001,A-600-EA111_D-GRL.4,,20,20,0,,,,
,CEPILLO CIRC TRENZ 4 IN x 0.020 IN 1574,C00CEP-001,A-598-TORRE103C_GEN.2,,4,4,0,,,,
,CEPILLO CIRC TRENZ 7 IN 1585,C00CEP-002,A-598-FA_101_CON.1,,20,3,17,,,,
,CEPILLO CIRC TRENZ 7 IN 1585,C00CEP-002,A-598-TORRE103C_GEN.2,,6,5,1,,,,
,CHAQUETA IMPERMEABLE TALLA L,M15CIM-001,A-598-TORRE103C_CON.2,UN,10,1,9,,,,
,CINTA 1/2 IN GRAFOIL,M00CIN-005,A-600-EA106_A-GRAL.3,,100,79,21,,,,
P,CINTA DE AISLAR # 33 3M,M00CIN-004,A-598-TORRE103C_CON.2,,10,10,0,,,,
,CINTA DE AISLAR # 33 3M,M00CIN-004,A-600-EA106_A-INDR.1,,5,3,2,,,,
,CINTA DE AISLAR 19MM X 18MM COD 12500,C00CIN-001,A-598-TORRE103C_CON.2,,10,8,2,,,,
P,CINTA DELIMITANTE PELIGRO (ROJA),M15CIN-002,A-598-TORRE101_CON.4,,10,10,0,,,,
,CINTA DELIMITANTE PRECAUCIÓN (AMARILLA),,A-598-TORRE101_CON.4,,10,8,2,,,,
,CINTA GRIS PARA DUCTOS 2 IN,C00CIN-004,A-598-TORRE101_CON.1,,10,10,0,LITROS,,,
,CINTA GRIS PARA DUCTOS 2 IN,C00CIN-004,A-598-TORRE103B_GEN.1,,3,3,0,,,,
P,CINTA GRIS PARA DUCTOS 2 IN,C00CIN-004,A-598-TORRE103C_CON.2,,10,10,0,,,,
,CINTA MAGICA 1.8CM X 33M,C00CIN-008,A-598-TORRE103C_CON,UN,15,10,5,,,,
P,CINTA MAGICA 1.8CM X 33M,C00CIN-008,A-598-TORRE103D_MAT.3,UN,3,3,0,,,,
,CINTA MASKING 1IN,M00CIN-007,,,,,0,,,,
P,"CINTA MASKING 2"" x 164 FT",C00CMS-001,A-598-TORRE103C_CON.2,,10,10,0,,,,
,"CINTA MASKING 2"" x 164 FT",C00CMS-001,A-598-TORRE103D_MAT.2,,100,9,91,,,,
P,"CINTA MASKING 2"" x 164 FT",C00CMS-001,A-600-EA106_A-GRAL.3,,20,20,0,,,,
,CINTA TEFLON  3/4 IN,C00CIN-005,A-600-EA106_A-GRAL.3,,500,435,65,,,,
P,CINTA TEFLON 3/4 IN,C00CIN-005,A-598-TORRE103C_CON.2,,50,50,0,,,,
P,CLORO,M09CLO-001,A-598-TORRE101_CON,L,15,15,0,,,,
P,CLORO,M09CLO-001,A-600-EA106_A-MAT.3,L,15,5,10,,,,
P,CLORO,M09CLO-001,A-600-EA111_D-GRL.4,L,20,20,0,,,,
P,CODO 90° 3/4 IN D 6000# SW SA-105,M08COD-154,A-598-TORRE103C_MAT,UN,1,1,0,,,,
,CONO DESECHABLE,M03COD-001,A-598-TORRE103B_MAT.1,CAJA,,,0,,,,
,COPLE 3/4 IN 3000# SA-105,M08COP-094,A-598-CAM_LIMP-MAT.1,UN,8,2,6,,,,
,CORRECTOR TIPO LAPIZ,C00CTL-001,A-598-TORRE103B_GEN.1,UN,3,1,2,,,,
P,CUBETA PLASTICA 19 LT,M09CUB-001,A-598-TORRE103C_CON.2,,10,10,0,,,,
,CUBRE BOCAS QUIRURGICO,M15CUB-002,A-598-TORRE101_CON,,300,193,107,,,,
,DESENGRASANTE MULTIUSOS ,M00DAK-001,A-598-TORRE103C_MAT.3,,171,95.5,75.5,,,,
P,DICLOFENACO INYEC 75MG 3ML,,A-598-TORRE101_CON,,10,10,0,,,,
P,DICLOFENACO INYEC 75MG 3ML,,A-600-EA106_A-MAT.3,,10,10,0,,,,
,DISCO CORTE 4 1/2 IN x 1/8 IN AC 2006,C00DIS-005,A-598-TORRE101_CON.1,,200,199,1,,,,
P,DISCO CORTE 4 1/2 IN x 1/8 IN AC 2006,C00DIS-005,A-600-EA108_D-MAT,,100,100,0,,,,
,DISCO CORTE 4 1/2 IN x 1/8 IN AC 2006,C00DIS-005,A-600-EA108_D-MAT,,100,5,95,,,,
,DISCO CORTE 4 1/2 IN x 1/8 IN INOX 1302,C00DIS-011,A-598-FA_101_CON.1,,100,99,1,,,,
,DISCO CORTE 4 1/2 IN x 3/64 IN AC 3501,C00DIS-006,A-598-TORRE101_CON.1,UN ,400,400,0,,,,
,DISCO CORTE 4 1/2 IN x 3/64 IN AC 3501,C00DIS-006,A-598-TORRE103B_MAT.4,,1000,2,998,,,,
,DISCO CORTE 4 1/2 IN x 3/64 IN AC 3501,C00DIS-006,A-600-EA108_D-MAT,,100,100,0,,,,
,DISCO CORTE 4 1/2 IN x 3/64 IN INOX 750,C00DIS-010,A-598-FA_101_CON.1,,200,199,1,,,,
,DISCO CORTE 4 1/2 IN x 3/64 IN INOX 750,C00DIS-010,A-598-TORRE103C_CON.2,,50,49,1,,,,
P,DISCO CORTE 4 1/2 IN x 3/64 IN INOX 750,C00DIS-010,A-598-TORRE103C_CON.2,,50,50,0,,,,
,DISCO CORTE 7 IN x 0.045 AC 879,C00DIS-003,A-598-FA_101_MAT.1,UN,200,198,2,,,,
P,DISCO CORTE 7 IN x 0.045 AC 879,C00DIS-003,A-598-TORRE103C_CON.2,,30,30,0,,,,
,DISCO CORTE 7 IN x 0.045 INOX 875,C00DIS-007,A-598-TORRE101_CON.1,UN,200,14,186,,,,
,DISCO CORTE 7 IN x 0.045 INOX 875,C00DIS-007,A-598-TORRE101_GEN.2,UN,250,,250,,,,
,DISCO CORTE 7 IN x 0.045 INOX 875,C00DIS-007,A-598-TORRE103B_MAT.4,UN,225,78,147,,,,
,DISCO CORTE 7 IN x 0.045 INOX 875,C00DIS-007,A-598-TORRE103C_CON.2,UN,50,37,13,,,,
,DISCO CORTE 7 IN x 1/8 IN AC 2008,C00DIS-002,A-600-EA106_B-CONS.2,,50,24,26,,,,
,DISCO CORTE 7 IN x 1/8 IN AC 2008,C00DIS-002,A-600-EA108_A-CONS.1,,50,,50,,,,
,DISCO DES 7INX1/4INX7/8IN MOLEMAB,C00DIS-001,A-598-TORRE101_CON.1,,100,34,66,,,,
,DISCO DES 7INX1/4INX7/8IN MOLEMAB,C00DIS-001,A-598-TORRE103C_CON.2,,30,,30,,,,
P,DISCO DESB 4 1/2 IN x 1/4 IN AC 2004,,A-598-TORRE103C_CON.2,,20,20,0,,,,
,DISCO DESB 4 1/2 IN x 1/4 IN AC 2004,C00DIS-004,A-598-TORRE103C_CON.2,,20,20,0,,,,
,DISCO DESB 4 1/2 IN x 1/4 IN AC 2004,C00DIS-004,A-598-TORRE103C_CON.2,,30,30,0,,,,
,DISCO DESB 4 1/2 IN x 1/4 IN AC 2004,C00DIS-004,A-600-EA106_B-CONS.2,UN,80,80,0,,,,
,DISCO DESB 4 1/2 IN x 1/4 IN INOX 533,C00DIS-012,A-598-TORRE103C_CON.2,UN,30,21,9,,,,
,DISCO DESB 7 IN X 1/4 IN INOX 389,C00DIS-009,A-598-TORRE103C_CON.2,UN,20,10,10,,,,
P,DISCO LAM/DES/PUL 4 1/2 IN G 120 AC 1719,C00DIS-023,A-598-TORRE103C_GEN.2,UN ,10,10,0,,,,
,DISCO LAM/DES/PUL 4 1/2 IN G 120 AC 1719,C00DIS-023,A-600-EA106_B-CONS.2,UN ,80,34,46,,,,
,DISCO LAM/DES/PUL 7 IN G 120 AC 1733,C00DIS-022,A-598-TORRE103C_GEN.2,UN,60,37,23,,,,
,ELECTRODO TUNGSTENO 1/8IN ROJ,M00ELE-013,A-598-FA_101_CON.1,UN,30,16,14,,,,
P,ELECTROLITOS,,A-598-TORRE101_CON,,50,50,0,,,,
P,ELECTROLITOS,,A-600-EA106_A-MAT.3,,50,50,0,,,,
,EMPAQUE CGI 1 1/2IN 150# G/AC/304,M05EMP-004,A-598-TORRE103C_CON.2,UN ,8,4,4,,,,
,EMPAQUE CGI 10 IN 150# G/AC/304,M05EMP-016,A-598-TORRE103C_CON,UN,1,1,0,,,,
,EMPAQUE CGI 10 IN 150# G/AC/304,M05EMP-016,A-598-TORRE103C_CON.2,UN,2,,2,,,,
,EMPAQUE CGI 10 IN 150# G/AC/304,M05EMP-016,A-598-TORRE103C_MAT.4,UN,2,2,0,,,,
,EMPAQUE CGI 12 IN 150# G/AC/304,M05EMP-017,A-598-TORRE103C_CON,UN,3,2,1,,,,
,EMPAQUE CGI 12 IN 150# G/AC/304,M05EMP-017,A-598-TORRE103C_CON.2,UN,6,3,3,,,,
,EMPAQUE CGI 12 IN 300# G/304/304,M05EMP-286,A-600-EA106_A-CONS.2,,36,2,34,,,,
,EMPAQUE CGI 12 IN 300# G/304/304,M05EMP-286,A-600-EA106_A-CONS.2,UN,36,,36,,,,
,EMPAQUE CGI 12 IN 300# G/304/304,M05EMP-286,A-600-EA108_A-MAT,UN,2,2,0,,,,
,EMPAQUE CGI 16 IN 150# G/AC/304,M05EMP-081,A-598-TORRE103C_CON,UN,1,1,0,,,,
,EMPAQUE CGI 2 IN 150# G/AC/304,M05EMP-006,A-598-TORRE103C_CON,UN,36,18,18,,,,
P,EMPAQUE CGI 2 IN 150# G/AC/304,M05EMP-006,A-598-TORRE103C_CON.2 ,UN,10,10,0,,,,
,EMPAQUE CGI 2 IN 300# G/AC/304,M05EMP-074,A-598-TORRE103C_CON.2,UN,8,4,4,,,,
,EMPAQUE CGI 24 IN 150# G/AC/304,M05EMP-020,A-598-TORRE103C_CON.2,UN,7,2,5,,,,
,EMPAQUE CGI 4 IN 150# G/AC/304,M05EMP-009,A-598-TORRE103C_CON,UN,7,4,3,,,,
,EMPAQUE CGI 4 IN 150# G/AC/304,M05EMP-009,A-598-TORRE103C_CON.2,UN,6,5,1,,,,
,EMPAQUE CGI 4 IN 300# G/304/304,M05EMP-260,A-600-EA106_A-CONS.2,UN,4,1,3,,,,
,EMPAQUE CGI 4 IN 300# G/AC/304,M05EMP-010,A-598-TORRE103C_CON,UN ,11,10,1,,,,
,EMPAQUE CGI 4 IN 300# G/AC/304,M05EMP-010,A-598-TORRE103C_CON.2,UN ,1,0,1,,,,
,EMPAQUE CGI 4 IN 300# G/AC/304,M05EMP-010,A-598-TORRE103C_MAT.4,UN ,2,0,2,,,,
,EMPAQUE CGI 6 IN 150# G/AC/304,M05EMP-012,A-598-TORRE103C_CON,UN,7,7,0,,,,
,EMPAQUE CGI 6 IN 150# G/AC/304,M05EMP-012,A-598-TORRE103C_CON.2,UN,15,5,10,,,,
,EMPAQUE CGI 6 IN 300# G/AC/304,M05EMP-013,A-598-TORRE103C_CON,UN ,2,2,0,,,,
,EMPAQUE CGI 6 IN 300# G/AC/304,M05EMP-013,A-598-TORRE103C_CON.2,UN ,2,0,2,,,,
,EMPAQUE CGI 8 IN 150# G/304/304,M05EMP-034,A-600-EA106_A-CONS.2,UN,6,1,5,,,,
,EMPAQUE CGI 8 IN 150# G/AC/304,M05EMP-014,A-598-TORRE103C_CON,UN,11,7,4,,,,
,EMPAQUE CGI 8 IN 150# G/AC/304,M05EMP-014,A-598-TORRE103C_CON.2,UN,5,3,2,,,,
,EMPAQUE CGI 8 IN 300# G/304/304,M05EMP-278,A-600-EA106_A-CONS.2 ,,6,4,2,,,,
,EMPAQUE TA 1/8IN 39 3/8IN 38 3/8IN 304,M05EMA-022,A-600-EA106_A-MAT.1,,6,2,4,,,,
,EMPAQUE TA 1/8IN 40IN 39IN 304,M05EMA-025,A-600-EA106_A-MAT.1,,4,4,0,,,,
,EMPAQUE TA 1/8IN 52 5/8 IN 51 1/8IN 304,M05EMA-016,A-600-EA106_A-MAT.1,UN,2,1,1,,,,
,EMPAQUE TC 1/8IN 49 1/4IN 48 1/4IN 304,M05EMC-001,A-600-EA106_A-MAT.1,UN,8,4,4,,,,
,ESCOBA,,A-598-TORRE101_CON,,5,4,1,,,,
,ESP 3/4INX5IN SA-193-B7 T/2H,M07ESP-020,A-598-TORRE103C_CON ,UN,26,,26,,,,
,FLEJE 3/4 IN AC INOX 304,M28FLE-002,A-598-TORRE103B_CON,M,350,350,0,,,,
P,FLEJE 3/4 IN AC INOX 304,M28FLE-002,A-600-EA106_A-CONS.1,M,1000,814,186,,,,
,FOCO DE 100W,M04FOC-007,A-598-TORRE103C_CON.2,,60,55,5,,,,
,FRESA CARB 1/2 IN x 1 IN x 1/4 IN C120,C00FRE-001,A-598-TORRE101_CON.1,UN,10,10,0,,,,
,FRESA CARB 1/2 IN x 1 IN x 1/4 IN C120,C00FRE-001,A-600-EA106_B-CONS.2,UN,10,3,7,,,,
P,FURACIN,,A-600-EA106_A-MAT.3,,2,2,0,,,,
,FURACIN,,,,2,2,0,,,,
P,GARLOCK 3000 DE 1/8IN ESP,M00GRL-001,A-598-TORRE103C_CON.3 ,,1,1,0,,,,
,GARLOCK NEGRO  1/8 IN,C00GAR-001,A-598-TORRE103D_CON.1,UN ,8,1,7,,,,
,GAS LENS JUMBO 1/8IN,M00GAL-003,A-598-FA_101_CON.1,UN,20,17,3,,,,
,GAS LENS JUMBO 3/32IN,M00GAL-004,A-598-FA_101_CON.1,UN ,10,1,9,,,,
,GEL ANTIBACTERIAL,,A-598-TORRE101_CON,,10,4,6,,,,
,GRANALLA ABRASIVA 30/60,M13GRA-003,A-600-EA111_D-GRL.4,KG,5000,400,4600,,,,
,GRASA ANTIFERRANTE NIQUEL 203,M00GRA-002,A-600-EA106_A-GRAL.3,UN,20,1,19,,,,
,GRASA SELLANTE OSO 219,M00GRA-004,A-600-EA106_A-GRAL.3,,20,3,17,,,,
,GUANTE ANTICORTE MULTIFLEX,M15GUA-011,A-598-TORRE103C_CON.2,PAR,100,58,42,,,,
P,GUANTE ANTICORTE MULTIFLEX,M15GUA-011,A-598-TORRE103C_CON.2,,30,30,0,,,,
,GUANTE ARGONERO CARNAZA,C00GUA-003,A-598-TORRE103B_CON.1,PAR,250,250,0,,,,
,GUANTE PARA ARGONERO,C00GUA-003,A-598-TORRE101_CON.1,PAR,200,200,0,,,,
P,GUANTE PARA ARGONERO,C00GUA-003,A-598-TORRE101_CON.4,PAR,100,100,0,,,,
P,GUANTE PARA ARGONERO,C00GUA-003,A-600-EA106_A-CONS.1,PAR,250,250,0,,,,
,GUANTE PARA ARGONERO,C00GUA-003,A-600-EA106_B-CONS.2,PAR,70,60,10,,,,
,GUANTE PARA ARGONERO,C00GUA-003,A-600-EA111_D-GRL.4,PAR,200,0,200,,,,
P,GUANTE SOLDADOR CARNAZA ROJO,C00GUA-004,A-598-TORRE103D_MAT.2,PAR,20,20,0,,,,
,GUANTE SOLDADOR CARNAZA ROJO,C00GUA-004,A-600-EA106_B-CONS.2,PAR,20,12,8,,,,
P,HIDROCORTISONA,M15HID-001,A-598-TORRE101_CON,,5,5,0,,,,
,HOJA BLANCA T/CARTA,C00HBC-002,A-598-TORRE103B_GEN.1,,5,5,0,,,,
,HOJA BLANCA T/CARTA,,A-598-TORRE103B_GEN.1,,5,1,4,,,,
,HOJA BLANCA T/CARTA,C00HBC-002,A-598-TORRE103B_GEN.2,,2,2,0,,,,
,HOJA BLANCA T/CARTA,C00HBC-002,A-598-TORRE103B_GEN.4,,2,2,0,,,,
,HOJA BLANCA T/CARTA,C00HBC-002,A-598-TORRE103B_MAT.3,,1,1,0,,,,
,HOJA BLANCA T/CARTA,C00HBC-002,A-598-TORRE103C_CON,,3,3,0,,,,
,HOJA COLORES TAM CARTA,C00HCC-002,,,,,0,,,,
,JABÓN EN POLVO,M09JAB-002,A-600-EA111_D-GRL.4,,50,20,30,,,,
,JABON LIQUIDO P/MANOS,M09JAB-001,A-598-TORRE101_CON,,14,10,4,,,,
,LAMINA ALUMINIO C 24,M17LAM-028,A-598-TORRE103B_CON,M2,390,0,390,,,,
,LAPIZ ADHESIVO,C00LAD-001,A-598-TORRE103B_GEN.1,UN,5,4,1,,,,
,LAPIZ ADHESIVO,C00LAD-001,A-598-TORRE103C_CON,UN,15,6,9,,,,
P,LAPIZ ADHESIVO,C00LAD-001,A-598-TORRE103D_MAT.3,UN ,10,10,0,,,,
P,LENTE DE SEGURIDAD CLARO,C00LEN-001,A-598-TORRE101_CON.4,UN,50,50,0,,,,
,LENTE DE SEGURIDAD CLARO,C00LEN-001,A-600-EA106_A-CONS.1,UN,126,30,96,,,,
,LENTE DE SEGURIDAD CLARO,C00LEN-001,A-600-EA106_B-CONS.2,UN,30,30,0,,,,
,LIBRETA DE TRANSITO,,A-598-TORRE103B_GEN.4,,3,3,0,,,,
,LIBRETA DE TRANSITO,,A-598-TORRE103C_CON.1,,3,2,1,,,,
,LIJA P/ESMERIL G 080 ROJA,C00LIJ-003,A-598-TORRE101_CON.1,UN,100,7,93,,,,
P,LOPERAMIDA,,A-600-EA106_A-MAT.3,,5,5,0,,,,
,LOPERAMIDA,,,,5,5,0,,,,
,LORATADINA 10MG,,A-598-TORRE101_CON,,10,9,1,,,,
P,LORATADINA 10MG,,A-600-EA106_A-MAT.3,,10,10,0,,,,
,MARCADOR PUNTA DE FIELTRO,C00MAR-001,A-598-TORRE101_CON.1,,60,0,60,,,,
,MARCADOR PUNTA DE FIELTRO,C00MAR-001,A-598-TORRE103C_CON,,20,14,6,,,,
P,MARCADOR PUNTA DE FIELTRO,C00MAR-001,A-598-TORRE103C_CON.2,,22,22,0,,,,
,MARCATEXTO VARIOS COLORES,C00MTE-001,A-598-TORRE103B_CON.1,,1,0,1,,,,
,MARCATEXTO VARIOS COLORES,C00MTE-001,A-598-TORRE103B_MAT.3,,4,0,4,,,,
,MARCATEXTO VARIOS COLORES,C00MTE-001,A-598-TORRE103C_CON,,2,0,,,,,
,MARCATEXTO VARIOS COLORES,,A-600-EA106_A-MAT.3,,5,1,4,,,,
,MASCARILLA P/POLVO KN95,M00MAS-001,A-600-EA111_D-GRL.4,,200,153,47,,,,
P,MASCARILLA P/POLVO S/VAL,C00MAS-002,A-598-TORRE103C_GEN.2,,50,50,0,,,,
P,METAMIZOL TABLETAS,,A-598-TORRE101_CON,,5,5,0,,,,
P,METAMIZOL TABLETAS,,A-600-EA106_A-MAT.3,,5,5,0,,,,
,MICA PROTECTOR FACIAL VMS AZUL,C00MPF-001,A-598-TORRE101_CON.1,,200,38,162,,,,
,MICA PROTECTOR FACIAL VMS AZUL,C00MPF-001,A-598-TORRE103B_CON,,150,2,148,,,,
P,MICA PROTECTOR FACIAL VMS AZUL,C00MPF-001,A-598-TORRE103C_CON.2,,15,15,0,,,,
,MORDAZA 1/8 IN P/ANTORCHA,M00MOA-006,A-598-FA_101_CON.1,,30,15,15,,,,
P,NAPROXENO 550MG,,A-598-TORRE101_CON,,10,10,0,,,,
P,NAPROXENO 550MG,,A-600-EA106_A-MAT.3,,10,10,0,,,,
,NIPLE ROS 3/4 INX2 IN C 80 SA-106,M08NIP-077,A-598-TORRE103B_IND,UN,14,4,10,,,,
,NIPLE ROS 3/4 INX3 IN C 160 SA-106,M08NIP-125,A-600-EA106_A-CONS,UN,75,25,50,,,,
P,OMEPRAZOL,,A-600-EA106_A-MAT.3,,5,5,0,,,,
,OMEPRAZOL,,,,5,5,0,,,,
,OVEROL ATSI NARANJA TALLA 34,,A-600-EA106_A-CONS.1,,20,1,19,,,,
P,OVEROL TYVEK,M15OTY-001,A-598-TORRE103C_CON.2,,100,100,0,,,,
,OVEROL TYVEK,M15OTY-001,A-598-TORRE103D_MAT.2,,100,25,75,,,,
P,OVEROL TYVEK,M15OTY-001,A-600-EA106_A-GRAL,,80,80,0,,,,
,OVEROL TYVEK,M15OTY-001,A-600-EA108ABCD,,100,100,0,,,,
,PAÑO DE MICROFIBRA,M09PAM-001,A-598-GENERALES,UN ,12,5,7,,,,
,PAÑO DE MICROFIBRA,M09PAM-001,A-598-TORRE101_CON,UN ,10,9,1,,,,
,PAÑO DE MICROFIBRA,M09PAM-001,A-600-EA106_A-MAT.3,UN ,10,,10,,,,
,PAPEL OPALINA BLANCO T/CARTA,M03PAP-001,A-598-TORRE103B_GEN.1,PKT,3,2,1,,,,
P,PARACETAMOL 500MG,,A-600-EA106_A-MAT.3,,10,10,0,,,,
,PARACETAMOL 500MG,,,,10,10,0,,,,
,PEPTO-BISMOL,,A-598-TORRE101_CON,,2,1,1,,,,
P,PEPTO-BISMOL,,A-600-EA106_A-MAT.3,,2,2,0,,,,
,PIJA BROCA 3/4INX10IN INOX,M16PIJ-013,A-598-TORRE103B_CON ,UN,5000,5000,0,,,,
,PIJA BROCA 3/4INX10IN INOX,M16PIJ-013,A-600-EA106_A-CONS.1,UN,5000,3122,1878,,,,
,PILA AA,M04PIL-009,A-598-TORRE103B_GEN.2,UN,40,4,36,,,,
,PILA AAA,M04PIL-006,A-598-TORRE103B_GEN.2,UN,40,34,6,,,,
,PILA AAA,M01PIL-002,A-598-TORRE103B_GEN.2,,40,29,11,,,,
P,PINOL,M09PIN-001,A-598-TORRE101_CON,,15,15,0,,,,
,PINOL,M09PIN-001,A-600-EA106_A-MAT.3,,10,,10,,,,
P,PINOL,M09PIN-001,A-600-EA106_A-MAT.3,,20,17,3,,,,
P,PINTARRON 20X30 CM,M03PIN-008,A-598-TORRE103C_CON.2,,10,10,0,,,,
,PINTARRON 90X120 CM,M03PIN-004,A-598-TORRE103B_GEN.1,,4,4,0,,,,
,PLUMA TINTA AZUL,C00PLA-001,A-598-TORRE103C_CON,,24,13,11,,,,
,PLUMA TINTA AZUL ,C00PLA-001,A-598-TORRE103B_GEN.1,,8,6,2,,,,
,PLUMA TINTA AZUL ,C00PLA-001,A-598-TORRE103B_GEN.4,,12,12,0,,,,
,PLUMA TINTA NEGRA ,C0PLN-001,A-598-TORRE103B_CON.1,,5,5,0,,,,
,PLUMA TINTA NEGRA ,C0PLN-001,A-598-TORRE103B_GEN.1,,8,8,0,,,,
,PLUMA TINTA NEGRA ,C0PLN-001,A-598-TORRE103B_GEN.4,,12,12,0,,,,
P,POMADA DE OXIDO DE ZINC,,A-600-EA106_A-MAT.3,,5,5,0,,,,
,POST IT NOTAS ADHESIVAS,C00-POS-001,A-598-TORRE103B_GEN.1,,5,4,1,,,,
,POST IT NOTAS ADHESIVAS,C00-POS-001,A-598-TORRE103B_GEN.4,,5,5,0,,,,
,POST IT NOTAS ADHESIVAS,C00-POS-001,A-598-TORRE103B_MAT.3,,8,,8,,,,
,PRIMARIO INORGANICO RP-4B,M13PRI-012,A-598-TORRE103C_MAT.3,L,96,28,68,,,,
,PRIMARIO INORGANICO RP-4B,M13PRI-012,A-600-EA106_A-CONS.1,L,144,0,144,,,,
,PROTECTOR DE HOJA T/CARTA,C00PHO-001,A-598-TORRE103B_GEN.1,PKT,10,5,5,,,,
,PUNTA CONTACTO 0.045 IN STD,C00PUN-002,A-598-FA_101_SER.1,,20,16,4,,,,
,RECOGEDOR ,,A-598-TORRE101_CON,,2,,2,,,,
,REDUC BOTELLA 3/4INX1/2IN C160 ROS A-105,M08RBO-003,A-600-EA106_A-CONS,UN,25,15,10,,,,
,REDUCCION BUSHING 3/4INX1/2IN GALV,M04RED-004,A-598-TORRE103B_MAT.2,UN,10,5,5,,,,
,REVELADOR SPOTCHECK,M14REL-001,A-598-TORRE103B_CON.2,UN,40,5,35,,,,
,REVELADOR SPOTCHECK,M14REL-001,A-598-TORRE103B_GEN.1,UN,24,0,24,,,,
,RODILLO 4IN DE FELPA,H02ROD-002,A-600-EA111_D-GRL.4,UN,20,18,2,,,,
,SEGUETA P/SIERRA SABLE MADERA 12IN,M00SEG-004,A-598-TORRE103C_GEN.2,UN,10,1,9,,,,
,SEGUETA P/SIERRA SABLE METAL 6IN,M00SEG-005,A-598-TORRE103C_GEN.2,UN,15,1,14,,,,
,SEGUETA STD  MOD 08-1812,C00SEG-001,A-600-EA106_A-GRAL.3,UN,50,48,2,,,,
P,SEGUETA STD MOD 08-1812,C00SEG-001,A-598-TORRE103C_CON.2,UN,30,30,0,,,,
,SELLADOR SIKAFLEX,M00SEL-002,A-598-TORRE103B_CON,UN,60,44,16,,,,
P,SELLADOR SIKAFLEX,M00SEL-002,A-598-TORRE103B_MAT.4,UN,5,5,0,,,,
,SOLDADURA 0.045 E309 LT1-1/4 SFA-5.22,M00SOL-030,A-598-FA_101_SER.1,KG,60,50,10,,,,
,SOLDADURA 0.045 E309 LT1-1/4 SFA-5.22,M00SOL-030,A-598-TORRE103C_IND.4,KG,30,30,0,,,,
,SOLDADURA 309L 1/8 IN SFA 5.4,C00SOL-005,A-598-TORRE103A_SER,KG,10,7,3,,,,
,SOLDADURA 309L 3/32 IN SFA 5.4,C00SOL-004,A-598-TORRE103A_SER,KG,10,10,0,,,,
,SOLDADURA 309L 3/32 IN SFA 5.4,C00SOL-004,A-598-TORRE103B_MAT.4,KG,40,33,7,,,,
P,SOLDADURA 6010  1/8 IN SFA-5.1,C00SOL-008,A-598-TORRE101_CON.4,,5,5,0,,,,
,SOLDADURA 6010  1/8 IN SFA-5.1,C00SOL-008,A-598-TORRE103A_SER,,10,10,0,,,,
,SOLDADURA 6010 5/32 IN SFA 5.1,M00SOL-003,A-598-FA_101_SER.1,,40,38,2,,,,
,SOLDADURA 6010 5/32 IN SFA 5.1,M00SOL-003,A-598-TORRE103A_SER,,10,10,0,,,,
P,SOLDADURA 7018  1/8 IN SFA 5.1,C00SOL-007,A-598-TORRE101_CON.4,KG,5,5,0,,,,
,SOLDADURA 7018  1/8 IN SFA 5.1,C00SOL-007,A-598-TORRE101_CON.4 ,KG,10,10,0,,,,
,SOLDADURA 7018  1/8 IN SFA 5.1,C00SOL-007,A-598-TORRE103B_SER,KG,30,30,0,,,,
,SOLDADURA 7018 1/8 IN SFA 5.1,C00SOL-007,A-598-TORRE101_CON.4, KG,5,5,0,,,,
,SOLDADURA 7018 1/8 IN SFA 5.1,C00SOL-007,A-598-TORRE103B_SER,KG,30,30,0,,,,
,SOLDADURA 7018 3/32 IN SFA 5.1,M00SOL-001,A-598-TORRE103B_SER,KG,30,29,1,,,,
,SOLDADURA 7018 5/32 IN SFA 5.1,M00SOL-002,A-598-TORRE103A_SER,KG,10,5,5,,,,
,SOLDADURA ER ENICU-7 3/32 IN SFA 5.11,M00SOL-024,A-598-TORRE103A_SER,KG,10,10,0,,,,
,SOLDADURA ER ENICU-7 3/32 IN SFA 5.11,M00SOL-024,A-598-TORRE103B_IND.4,KG,2,2,0,,,,
,SOLDADURA ER ENICU-7 3/32 IN SFA 5.11,M00SOL-024,A-598-TORRE103B_MAT.4,KG,20,15,5,,,,
,SOLDADURA ER ENICU-7 3/32 IN SFA 5.11,M00SOL-024,A-598-TORRE103C_GEN.3,KG,1.78,1.78,0,,,,
,SOLDADURA ER ENICU-7 3/32 IN SFA 5.11,M00SOL-024,A-598-TORRE103C_IND.4,KG,28,0,28,,,,
,SUPERSACOS,M00SUP-001,A-598-TORRE103C_GEN.4,UN ,19,19,0,,,,
,SUPERSACOS,M00SUP-001,A-598-TORRE103C_MAT.4,PZA,20,20,0,,,,
,T ROSCADA 3/4IN 3000# SA-105,M08TEE-044,A-600-EA106_A-CONS,UN,25,15,10,,,,
,TABLA CON CLIP CARTA,,A-598-TORRE103B_GEN.1,UN ,10,5,5,,,,
,TABLA CON CLIP CARTA,,A-598-TORRE103C_CON.1,UN ,2,0,2,,,,
,TAMBO POLIETILENO 200 LT,M00TAM-001,A-598-TORRE103B_CON,UN ,30,29,1,,,,
,TAMBO POLIETILENO 200 LT,,A-600-EA106_A-CONS.1,UN ,25,17,8,,,,
,TAPON AUDITIVO LAVABLE ,C00TAP-001,A-598-TORRE101_CON.4,UN ,300,101,199,,,,
,TAPON BARRA SOL ROS 1INX3IN 6000# A-105,M08TAP-020,A-600-EA106_A-CONS,UN ,22,0,22,,,,
,TAPON BARRA SOL ROS3/4INX3IN 6000# A-105,M08TAP-019,A-600-EA106_A-CONS,UN ,65,30,35,,,,
,TAPON BARRA SOL ROS3/4INX3IN 6000# A-105,M08TAP-019,A-600-EA106_A-CONS,UN,65,15,50,,,,
,TINTA BROTHER  BT5001Y AMARILLO,,A-598-TORRE103B_GEN.4,UN ,3,3,0,,,,
,TINTA BROTHER  BTD60BK NEGRO,,A-598-TORRE103B_GEN.4,UN ,3,3,0,,,,
,TINTA BROTHER BT5001C CIAN,,A-598-TORRE103B_GEN.4,UN ,3,3,0,,,,
,TINTA BROTHER BT5001M MAGENTA,,A-598-TORRE103B_GEN.4,UN ,3,3,0,,,,
,TIZA PARA METAL,C00TIZ-001,A-600-EA106_B-CONS.2,UN,100,23,77,,,,
P,TORNILLO HEX 3/8IN 16UNCX1.5 IN INOX 410,M16TOR-201,A-598-TORRE103C_CON.3,UN,120,120,0,,,,
,TORNILLO HEX 3/8INX1.5IN 410,M16TOR-078,A-598-TORRE103D_CON.4,UN,700,0,700,,,,
,TORNILLO HEX 3/8INX1IN 410,M16TOR-151,A-598-TORRE103D_CON.4,UN,660,610,50,,,,
P,TRAPEADOR,,A-598-TORRE101_CON,UN ,5,5,0,,,,
,TRAPO INDUSTRIAL,C00TRA-001,A-598-GENERALES,KG,20,20,0,,,,
,TRAPO INDUSTRIAL,C00TRA-001,A-598-TORRE101_CON.1,KG,100,12,88,,,,
P,TRAPO INDUSTRIAL,C00TRA-001,A-598-TORRE103C_CON.2,KG,50,50,0,,,,
P,TRAPO INDUSTRIAL,C00TRA-001,A-600-EA106_A-GRAL.3,KG,40,40,0,,,,
,TRAPO INDUSTRIAL,C00TRA-001,A-600-EA106_A-GRAL.3,KG,40,40,0,,,,
,TRAPO INDUSTRIAL,C00TRA-001,A-600-EA106_B-CONS.2,KG,5,5,0,,,,
P,TRAPO INDUSTRIAL,C00TRA-001,A-600-EA111_D-GRL.4,KG,100,100,0,,,,
,TUERCA HEX 1 1/2IN SA-194-2H,M16TUE-031,A-600-EA106_A-CONS.1,UN ,370,256,114,,,,
,TUERCA HEX 1 1/2IN SA-194-2H,M16TUE-032,A-600-EA106_A-CONS.1,UN,1400,368,1032,,,,
,TUERCA HEX 1 1/2IN SA-194-2H,M16TUE-032,A-600-EA106_A-CONS.3,UN,180,128,52,,,,
,TUERCA HEX 1IN SA-194-2H,M16TUE-019,A-600-EA106_A-CONS.1,UN,975,244,731,,,,
,TUERCA HEX 1IN SA-194-2H,M16TUE-019,A-600-EA106_A-CONS.3,UN,330,320,10,,,,
,TUERCA HEX 3/4IN 10UNC INOX 304,M16TUE-081,A-598-TORRE103C_CON.3,UN,32,16,16,,,,
,TUERCA HEX 3/4IN SA-194-2H,M16TUE-026,A-598-TORRE103C_CON ,UN,500,32,468,,,,
,TUERCA HEX 3/4IN SA-194-2H,M16TUE-026,A-598-TORRE103C_CON.2,UN,370,0,370,,,,
,TUERCA HEX 3/8IN INOX 304,M16TUE-029,A-598-TORRE103D_CON.4,UN,1650,750,900,,,,
,TUERCA HEX 5/8 IN SA-194-2H,M16TUE-075,A-598-TORRE103C_CON,UN,450,0,450,,,,
,TUERCA HEX 5/8 IN SA-194-2H,M16TUE-075,A-598-TORRE103C_CON.2,UN,340,152,188,,,,
,TUERCA HEX 5/8IN 11UNC SS 316,M16TUE-077,A-598-TORRE103C_SER.3,UN ,360,360,0,,,,
,TUERCA HEX 7/8IN SA-194-2H,M16TUE-018,A-600-EA106_A-CONS.1,UN,450,399,51,,,,
,TUERCA HEXAGONAL DE 1 1/8IN SA-194-2H,M16TUE-052,A-600-EA106_A-CONS.1,UN,2200,466,1734,,,,
,TUERCA HEXAGONAL DE 1 1/8IN SA-194-2H,M16TUE-052,A-600-EA106_A-CONS.3,UN ,900,0,900,,,,
,VAL COMP 3/4 IN 800# A-105 TRIM 8,M19VAL-075,A-600-EA106_A-GRAL.4,UN,50,36,14,,,,
,VAL COMP 3/4 IN 800# S.W. A-105,M19VAL-071,A-598-TORRE103A_SER,UN ,,,0,,,,
,VALV COMP 2IN 150# API A105 TRIM 8,M19VAL-224,A-598-TORRE103B_CON,UN,15,2,13,,,,
,VALV COMP 2IN 150# API A105 TRIM 8,M19VAL-229,A-598-TORRE103B_CON,UN,15,6,9,,,,
,VIDRIO CLARO 2 IN x 4 1/4 IN,C00VID-001,A-598-TORRE101_CON.1,UN,400,,400,,,,
,VIDRIO CLARO 2 IN x 4 1/4 IN,C00VID-001,A-598-TORRE103B_CON,UN,20,12,8,,,,
P,VIDRIO CLARO 2 IN x 4 1/4 IN,C00VID-001,A-598-TORRE103D_MAT.2,UN,50,50,0,,,,
,VIDRIO OSCURO SOMBRA 11,C00VID-003,A-600-EA106_B-CONS.2,UN ,10,8,2,,,,
,VIDRIO OSCURO SOMBRA 12,C00VID-004,A-598-TORRE103D_MAT.2,UN,15,8,7,,,,
,,,,,,,,,,,
,,,,,,,,,,,
,,,,,,,,,,,
,,,,,,,,,,,